item,protocol_id
minecraft:acacia_boat,872
minecraft:acacia_button,756
minecraft:acacia_chest_boat,873
minecraft:acacia_door,785
minecraft:acacia_fence,349
minecraft:acacia_fence_gate,826
minecraft:acacia_hanging_sign,1005
minecraft:acacia_leaves,186
minecraft:acacia_log,138
minecraft:acacia_planks,40
minecraft:acacia_pressure_plate,772
minecraft:acacia_sapling,53
minecraft:acacia_shelf,306
minecraft:acacia_sign,993
minecraft:acacia_slab,275
minecraft:acacia_stairs,446
minecraft:acacia_trapdoor,806
minecraft:acacia_wood,175
minecraft:activator_rail,837
minecraft:air,0
minecraft:allay_spawn_egg,1164
minecraft:allium,235
minecraft:amethyst_block,88
minecraft:amethyst_cluster,1419
minecraft:amethyst_shard,903
minecraft:ancient_debris,82
minecraft:andesite,6
minecraft:andesite_slab,709
minecraft:andesite_stairs,692
minecraft:andesite_wall,467
minecraft:angler_pottery_sherd,1446
minecraft:anvil,479
minecraft:apple,894
minecraft:archer_pottery_sherd,1447
minecraft:armadillo_scute,890
minecraft:armadillo_spawn_egg,1142
minecraft:armor_stand,1255
minecraft:arms_up_pottery_sherd,1448
minecraft:arrow,896
minecraft:axolotl_bucket,1024
minecraft:axolotl_spawn_egg,1152
minecraft:azalea,205
minecraft:azalea_leaves,191
minecraft:azure_bluet,236
minecraft:baked_potato,1230
minecraft:bamboo,270
minecraft:bamboo_block,147
minecraft:bamboo_button,761
minecraft:bamboo_chest_raft,883
minecraft:bamboo_door,790
minecraft:bamboo_fence,354
minecraft:bamboo_fence_gate,831
minecraft:bamboo_hanging_sign,1010
minecraft:bamboo_mosaic,48
minecraft:bamboo_mosaic_slab,281
minecraft:bamboo_mosaic_stairs,452
minecraft:bamboo_planks,45
minecraft:bamboo_pressure_plate,777
minecraft:bamboo_raft,882
minecraft:bamboo_shelf,307
minecraft:bamboo_sign,998
minecraft:bamboo_slab,280
minecraft:bamboo_stairs,451
minecraft:bamboo_trapdoor,811
minecraft:barrel,1355
minecraft:barrier,503
minecraft:basalt,363
minecraft:bat_spawn_egg,1143
minecraft:beacon,456
minecraft:bedrock,58
minecraft:bee_nest,1380
minecraft:bee_spawn_egg,1144
minecraft:beef,1111
minecraft:beehive,1381
minecraft:beetroot,1288
minecraft:beetroot_seeds,1289
minecraft:beetroot_soup,1290
minecraft:bell,1363
minecraft:big_dripleaf,268
minecraft:birch_boat,868
minecraft:birch_button,754
minecraft:birch_chest_boat,869
minecraft:birch_door,783
minecraft:birch_fence,347
minecraft:birch_fence_gate,824
minecraft:birch_hanging_sign,1003
minecraft:birch_leaves,184
minecraft:birch_log,136
minecraft:birch_planks,38
minecraft:birch_pressure_plate,770
minecraft:birch_sapling,51
minecraft:birch_shelf,308
minecraft:birch_sign,991
minecraft:birch_slab,273
minecraft:birch_stairs,444
minecraft:birch_trapdoor,804
minecraft:birch_wood,173
minecraft:black_banner,1282
minecraft:black_bed,1102
minecraft:black_bundle,1053
minecraft:black_candle,1415
minecraft:black_carpet,521
minecraft:black_concrete,630
minecraft:black_concrete_powder,646
minecraft:black_dye,1082
minecraft:black_glazed_terracotta,614
minecraft:black_harness,854
minecraft:black_shulker_box,598
minecraft:black_stained_glass,546
minecraft:black_stained_glass_pane,562
minecraft:black_terracotta,502
minecraft:black_wool,228
minecraft:blackstone,1386
minecraft:blackstone_slab,1387
minecraft:blackstone_stairs,1388
minecraft:blackstone_wall,472
minecraft:blade_pottery_sherd,1449
minecraft:blast_furnace,1357
minecraft:blaze_powder,1125
minecraft:blaze_rod,1117
minecraft:blaze_spawn_egg,1204
minecraft:blue_banner,1278
minecraft:blue_bed,1098
minecraft:blue_bundle,1049
minecraft:blue_candle,1411
minecraft:blue_carpet,517
minecraft:blue_concrete,626
minecraft:blue_concrete_powder,642
minecraft:blue_dye,1078
minecraft:blue_egg,1033
minecraft:blue_glazed_terracotta,610
minecraft:blue_harness,850
minecraft:blue_ice,680
minecraft:blue_orchid,234
minecraft:blue_shulker_box,594
minecraft:blue_stained_glass,542
minecraft:blue_stained_glass_pane,558
minecraft:blue_terracotta,498
minecraft:blue_wool,224
minecraft:bogged_spawn_egg,1173
minecraft:bolt_armor_trim_smithing_template,1445
minecraft:bone,1084
minecraft:bone_block,580
minecraft:bone_meal,1083
minecraft:book,1030
minecraft:bookshelf,318
minecraft:bordure_indented_banner_pattern,1352
minecraft:bow,895
minecraft:bowl,893
minecraft:brain_coral,661
minecraft:brain_coral_block,656
minecraft:brain_coral_fan,671
minecraft:bread,954
minecraft:breeze_rod,1223
minecraft:breeze_spawn_egg,1189
minecraft:brewer_pottery_sherd,1450
minecraft:brewing_stand,1127
minecraft:brick,1026
minecraft:brick_slab,290
minecraft:brick_stairs,420
minecraft:brick_wall,459
minecraft:bricks,305
minecraft:brown_banner,1279
minecraft:brown_bed,1099
minecraft:brown_bundle,1050
minecraft:brown_candle,1412
minecraft:brown_carpet,518
minecraft:brown_concrete,627
minecraft:brown_concrete_powder,643
minecraft:brown_dye,1079
minecraft:brown_egg,1034
minecraft:brown_glazed_terracotta,611
minecraft:brown_harness,851
minecraft:brown_mushroom,248
minecraft:brown_mushroom_block,388
minecraft:brown_shulker_box,595
minecraft:brown_stained_glass,543
minecraft:brown_stained_glass_pane,559
minecraft:brown_terracotta,499
minecraft:brown_wool,225
minecraft:brush,1426
minecraft:bubble_coral,662
minecraft:bubble_coral_block,657
minecraft:bubble_coral_fan,672
minecraft:bucket,1013
minecraft:budding_amethyst,89
minecraft:bundle,1037
minecraft:burn_pottery_sherd,1451
minecraft:bush,204
minecraft:cactus,341
minecraft:cactus_flower,342
minecraft:cake,1086
minecraft:calcite,11
minecraft:calibrated_sculk_sensor,744
minecraft:camel_husk_spawn_egg,1174
minecraft:camel_spawn_egg,1135
minecraft:campfire,1376
minecraft:candle,1399
minecraft:carrot,1228
minecraft:carrot_on_a_stick,860
minecraft:cartography_table,1358
minecraft:carved_pumpkin,358
minecraft:cat_spawn_egg,1139
minecraft:cauldron,1128
minecraft:cave_spider_spawn_egg,1187
minecraft:chain_command_block,575
minecraft:chainmail_boots,966
minecraft:chainmail_chestplate,964
minecraft:chainmail_helmet,963
minecraft:chainmail_leggings,965
minecraft:charcoal,898
minecraft:cherry_boat,874
minecraft:cherry_button,757
minecraft:cherry_chest_boat,875
minecraft:cherry_door,786
minecraft:cherry_fence,350
minecraft:cherry_fence_gate,827
minecraft:cherry_hanging_sign,1006
minecraft:cherry_leaves,187
minecraft:cherry_log,139
minecraft:cherry_planks,41
minecraft:cherry_pressure_plate,773
minecraft:cherry_sapling,54
minecraft:cherry_shelf,309
minecraft:cherry_sign,994
minecraft:cherry_slab,276
minecraft:cherry_stairs,447
minecraft:cherry_trapdoor,807
minecraft:cherry_wood,176
minecraft:chest,332
minecraft:chest_minecart,856
minecraft:chicken,1113
minecraft:chicken_spawn_egg,1131
minecraft:chipped_anvil,480
minecraft:chiseled_bookshelf,319
minecraft:chiseled_copper,98
minecraft:chiseled_deepslate,386
minecraft:chiseled_nether_bricks,427
minecraft:chiseled_polished_blackstone,1393
minecraft:chiseled_quartz_block,482
minecraft:chiseled_red_sandstone,571
minecraft:chiseled_resin_bricks,419
minecraft:chiseled_sandstone,199
minecraft:chiseled_stone_bricks,379
minecraft:chiseled_tuff,16
minecraft:chiseled_tuff_bricks,25
minecraft:chorus_flower,326
minecraft:chorus_fruit,1284
minecraft:chorus_plant,325
minecraft:clay,343
minecraft:clay_ball,1027
minecraft:clock,1055
minecraft:closed_eyeblossom,232
minecraft:coal,897
minecraft:coal_block,83
minecraft:coal_ore,64
minecraft:coarse_dirt,29
minecraft:coast_armor_trim_smithing_template,1430
minecraft:cobbled_deepslate,9
minecraft:cobbled_deepslate_slab,713
minecraft:cobbled_deepslate_stairs,696
minecraft:cobbled_deepslate_wall,475
minecraft:cobblestone,35
minecraft:cobblestone_slab,289
minecraft:cobblestone_stairs,337
minecraft:cobblestone_wall,457
minecraft:cobweb,201
minecraft:cocoa_beans,1066
minecraft:cod,1058
minecraft:cod_bucket,1022
minecraft:cod_spawn_egg,1153
minecraft:command_block,455
minecraft:command_block_minecart,1264
minecraft:comparator,722
minecraft:compass,1035
minecraft:composter,1354
minecraft:conduit,681
minecraft:cooked_beef,1112
minecraft:cooked_chicken,1114
minecraft:cooked_cod,1062
minecraft:cooked_mutton,1266
minecraft:cooked_porkchop,985
minecraft:cooked_rabbit,1251
minecraft:cooked_salmon,1063
minecraft:cookie,1103
minecraft:copper_axe,920
minecraft:copper_bars,392
minecraft:copper_block,91
minecraft:copper_boots,962
minecraft:copper_bulb,1477
minecraft:copper_chain,401
minecraft:copper_chest,1485
minecraft:copper_chestplate,960
minecraft:copper_door,793
minecraft:copper_golem_spawn_egg,1167
minecraft:copper_golem_statue,1493
minecraft:copper_grate,1469
minecraft:copper_helmet,959
minecraft:copper_hoe,921
minecraft:copper_horse_armor,1256
minecraft:copper_ingot,907
minecraft:copper_lantern,1366
minecraft:copper_leggings,961
minecraft:copper_nautilus_armor,1338
minecraft:copper_nugget,1307
minecraft:copper_ore,68
minecraft:copper_pickaxe,919
minecraft:copper_shovel,918
minecraft:copper_spear,1299
minecraft:copper_sword,917
minecraft:copper_torch,367
minecraft:copper_trapdoor,814
minecraft:cornflower,242
minecraft:cow_spawn_egg,1132
minecraft:cracked_deepslate_bricks,383
minecraft:cracked_deepslate_tiles,385
minecraft:cracked_nether_bricks,426
minecraft:cracked_polished_blackstone_bricks,1397
minecraft:cracked_stone_bricks,378
minecraft:crafter,1104
minecraft:crafting_table,333
minecraft:creaking_heart,331
minecraft:creaking_spawn_egg,1190
minecraft:creeper_banner_pattern,1344
minecraft:creeper_head,1238
minecraft:creeper_spawn_egg,1191
minecraft:crimson_button,762
minecraft:crimson_door,791
minecraft:crimson_fence,355
minecraft:crimson_fence_gate,832
minecraft:crimson_fungus,250
minecraft:crimson_hanging_sign,1011
minecraft:crimson_hyphae,180
minecraft:crimson_nylium,33
minecraft:crimson_planks,46
minecraft:crimson_pressure_plate,778
minecraft:crimson_roots,252
minecraft:crimson_shelf,310
minecraft:crimson_sign,999
minecraft:crimson_slab,282
minecraft:crimson_stairs,453
minecraft:crimson_stem,145
minecraft:crimson_trapdoor,812
minecraft:crossbow,1340
minecraft:crying_obsidian,1385
minecraft:cut_copper,102
minecraft:cut_copper_slab,110
minecraft:cut_copper_stairs,106
minecraft:cut_red_sandstone,572
minecraft:cut_red_sandstone_slab,296
minecraft:cut_sandstone,200
minecraft:cut_sandstone_slab,287
minecraft:cyan_banner,1276
minecraft:cyan_bed,1096
minecraft:cyan_bundle,1047
minecraft:cyan_candle,1409
minecraft:cyan_carpet,515
minecraft:cyan_concrete,624
minecraft:cyan_concrete_powder,640
minecraft:cyan_dye,1076
minecraft:cyan_glazed_terracotta,608
minecraft:cyan_harness,848
minecraft:cyan_shulker_box,592
minecraft:cyan_stained_glass,540
minecraft:cyan_stained_glass_pane,556
minecraft:cyan_terracotta,496
minecraft:cyan_wool,222
minecraft:damaged_anvil,481
minecraft:dandelion,229
minecraft:danger_pottery_sherd,1452
minecraft:dark_oak_boat,876
minecraft:dark_oak_button,758
minecraft:dark_oak_chest_boat,877
minecraft:dark_oak_door,787
minecraft:dark_oak_fence,351
minecraft:dark_oak_fence_gate,828
minecraft:dark_oak_hanging_sign,1007
minecraft:dark_oak_leaves,188
minecraft:dark_oak_log,141
minecraft:dark_oak_planks,42
minecraft:dark_oak_pressure_plate,774
minecraft:dark_oak_sapling,55
minecraft:dark_oak_shelf,311
minecraft:dark_oak_sign,995
minecraft:dark_oak_slab,277
minecraft:dark_oak_stairs,448
minecraft:dark_oak_trapdoor,808
minecraft:dark_oak_wood,178
minecraft:dark_prismarine,565
minecraft:dark_prismarine_slab,300
minecraft:dark_prismarine_stairs,568
minecraft:daylight_detector,742
minecraft:dead_brain_coral,665
minecraft:dead_brain_coral_block,651
minecraft:dead_brain_coral_fan,676
minecraft:dead_bubble_coral,666
minecraft:dead_bubble_coral_block,652
minecraft:dead_bubble_coral_fan,677
minecraft:dead_bush,207
minecraft:dead_fire_coral,667
minecraft:dead_fire_coral_block,653
minecraft:dead_fire_coral_fan,678
minecraft:dead_horn_coral,668
minecraft:dead_horn_coral_block,654
minecraft:dead_horn_coral_fan,679
minecraft:dead_tube_coral,669
minecraft:dead_tube_coral_block,650
minecraft:dead_tube_coral_fan,675
minecraft:debug_stick,1309
minecraft:decorated_pot,320
minecraft:deepslate,8
minecraft:deepslate_brick_slab,715
minecraft:deepslate_brick_stairs,698
minecraft:deepslate_brick_wall,477
minecraft:deepslate_bricks,382
minecraft:deepslate_coal_ore,65
minecraft:deepslate_copper_ore,69
minecraft:deepslate_diamond_ore,79
minecraft:deepslate_emerald_ore,75
minecraft:deepslate_gold_ore,71
minecraft:deepslate_iron_ore,67
minecraft:deepslate_lapis_ore,77
minecraft:deepslate_redstone_ore,73
minecraft:deepslate_tile_slab,716
minecraft:deepslate_tile_stairs,699
minecraft:deepslate_tile_wall,478
minecraft:deepslate_tiles,384
minecraft:detector_rail,835
minecraft:diamond,899
minecraft:diamond_axe,940
minecraft:diamond_block,93
minecraft:diamond_boots,974
minecraft:diamond_chestplate,972
minecraft:diamond_helmet,971
minecraft:diamond_hoe,941
minecraft:diamond_horse_armor,1259
minecraft:diamond_leggings,973
minecraft:diamond_nautilus_armor,1336
minecraft:diamond_ore,78
minecraft:diamond_pickaxe,939
minecraft:diamond_shovel,938
minecraft:diamond_spear,1302
minecraft:diamond_sword,937
minecraft:diorite,4
minecraft:diorite_slab,712
minecraft:diorite_stairs,695
minecraft:diorite_wall,471
minecraft:dirt,28
minecraft:dirt_path,524
minecraft:disc_fragment_5,1331
minecraft:dispenser,729
minecraft:dolphin_spawn_egg,1154
minecraft:donkey_spawn_egg,1136
minecraft:dragon_breath,1291
minecraft:dragon_egg,438
minecraft:dragon_head,1239
minecraft:dried_ghast,649
minecraft:dried_kelp,1108
minecraft:dried_kelp_block,1028
minecraft:dripstone_block,26
minecraft:dropper,730
minecraft:drowned_spawn_egg,1175
minecraft:dune_armor_trim_smithing_template,1429
minecraft:echo_shard,1425
minecraft:egg,1032
minecraft:elder_guardian_spawn_egg,1192
minecraft:elytra,863
minecraft:emerald,900
minecraft:emerald_block,441
minecraft:emerald_ore,74
minecraft:enchanted_book,1245
minecraft:enchanted_golden_apple,988
minecraft:enchanting_table,434
minecraft:end_crystal,1283
minecraft:end_portal_frame,435
minecraft:end_rod,324
minecraft:end_stone,436
minecraft:end_stone_brick_slab,705
minecraft:end_stone_brick_stairs,687
minecraft:end_stone_brick_wall,470
minecraft:end_stone_bricks,437
minecraft:ender_chest,440
minecraft:ender_dragon_spawn_egg,1214
minecraft:ender_eye,1129
minecraft:ender_pearl,1116
minecraft:enderman_spawn_egg,1215
minecraft:endermite_spawn_egg,1216
minecraft:evoker_spawn_egg,1199
minecraft:experience_bottle,1218
minecraft:explorer_pottery_sherd,1453
minecraft:exposed_chiseled_copper,99
minecraft:exposed_copper,95
minecraft:exposed_copper_bars,393
minecraft:exposed_copper_bulb,1478
minecraft:exposed_copper_chain,402
minecraft:exposed_copper_chest,1486
minecraft:exposed_copper_door,794
minecraft:exposed_copper_golem_statue,1494
minecraft:exposed_copper_grate,1470
minecraft:exposed_copper_lantern,1367
minecraft:exposed_copper_trapdoor,815
minecraft:exposed_cut_copper,103
minecraft:exposed_cut_copper_slab,111
minecraft:exposed_cut_copper_stairs,107
minecraft:exposed_lightning_rod,735
minecraft:eye_armor_trim_smithing_template,1433
minecraft:farmland,334
minecraft:feather,950
minecraft:fermented_spider_eye,1124
minecraft:fern,203
minecraft:field_masoned_banner_pattern,1351
minecraft:filled_map,1105
minecraft:fire_charge,1219
minecraft:fire_coral,663
minecraft:fire_coral_block,658
minecraft:fire_coral_fan,673
minecraft:firefly_bush,208
minecraft:firework_rocket,1243
minecraft:firework_star,1244
minecraft:fishing_rod,1054
minecraft:fletching_table,1359
minecraft:flint,983
minecraft:flint_and_steel,892
minecraft:flow_armor_trim_smithing_template,1444
minecraft:flow_banner_pattern,1349
minecraft:flow_pottery_sherd,1454
minecraft:flower_banner_pattern,1343
minecraft:flower_pot,1227
minecraft:flowering_azalea,206
minecraft:flowering_azalea_leaves,192
minecraft:fox_spawn_egg,1145
minecraft:friend_pottery_sherd,1455
minecraft:frog_spawn_egg,1155
minecraft:frogspawn,1424
minecraft:furnace,335
minecraft:furnace_minecart,857
minecraft:ghast_spawn_egg,1205
minecraft:ghast_tear,1118
minecraft:gilded_blackstone,1389
minecraft:glass,195
minecraft:glass_bottle,1121
minecraft:glass_pane,409
minecraft:glistering_melon_slice,1130
minecraft:globe_banner_pattern,1347
minecraft:glow_berries,1375
minecraft:glow_ink_sac,1065
minecraft:glow_item_frame,1226
minecraft:glow_lichen,412
minecraft:glow_squid_spawn_egg,1156
minecraft:glowstone,368
minecraft:glowstone_dust,1057
minecraft:goat_horn,1353
minecraft:goat_spawn_egg,1146
minecraft:gold_block,92
minecraft:gold_ingot,909
minecraft:gold_nugget,1119
minecraft:gold_ore,70
minecraft:golden_apple,987
minecraft:golden_axe,930
minecraft:golden_boots,978
minecraft:golden_carrot,1233
minecraft:golden_chestplate,976
minecraft:golden_dandelion,230
minecraft:golden_helmet,975
minecraft:golden_hoe,931
minecraft:golden_horse_armor,1258
minecraft:golden_leggings,977
minecraft:golden_nautilus_armor,1335
minecraft:golden_pickaxe,929
minecraft:golden_shovel,928
minecraft:golden_spear,1301
minecraft:golden_sword,927
minecraft:granite,2
minecraft:granite_slab,708
minecraft:granite_stairs,691
minecraft:granite_wall,463
minecraft:grass_block,27
minecraft:gravel,63
minecraft:gray_banner,1274
minecraft:gray_bed,1094
minecraft:gray_bundle,1045
minecraft:gray_candle,1407
minecraft:gray_carpet,513
minecraft:gray_concrete,622
minecraft:gray_concrete_powder,638
minecraft:gray_dye,1074
minecraft:gray_glazed_terracotta,606
minecraft:gray_harness,846
minecraft:gray_shulker_box,590
minecraft:gray_stained_glass,538
minecraft:gray_stained_glass_pane,554
minecraft:gray_terracotta,494
minecraft:gray_wool,220
minecraft:green_banner,1280
minecraft:green_bed,1100
minecraft:green_bundle,1051
minecraft:green_candle,1413
minecraft:green_carpet,519
minecraft:green_concrete,628
minecraft:green_concrete_powder,644
minecraft:green_dye,1080
minecraft:green_glazed_terracotta,612
minecraft:green_harness,852
minecraft:green_shulker_box,596
minecraft:green_stained_glass,544
minecraft:green_stained_glass_pane,560
minecraft:green_terracotta,500
minecraft:green_wool,226
minecraft:grindstone,1360
minecraft:guardian_spawn_egg,1193
minecraft:gunpowder,951
minecraft:guster_banner_pattern,1350
minecraft:guster_pottery_sherd,1456
minecraft:hanging_roots,267
minecraft:happy_ghast_spawn_egg,1206
minecraft:hay_block,505
minecraft:heart_of_the_sea,1339
minecraft:heart_pottery_sherd,1457
minecraft:heartbreak_pottery_sherd,1458
minecraft:heavy_core,87
minecraft:heavy_weighted_pressure_plate,767
minecraft:hoglin_spawn_egg,1207
minecraft:honey_block,726
minecraft:honey_bottle,1382
minecraft:honeycomb,1379
minecraft:honeycomb_block,1383
minecraft:hopper,728
minecraft:hopper_minecart,859
minecraft:horn_coral,664
minecraft:horn_coral_block,659
minecraft:horn_coral_fan,674
minecraft:horse_spawn_egg,1137
minecraft:host_armor_trim_smithing_template,1443
minecraft:howl_pottery_sherd,1459
minecraft:husk_spawn_egg,1176
minecraft:ice,339
minecraft:infested_chiseled_stone_bricks,374
minecraft:infested_cobblestone,370
minecraft:infested_cracked_stone_bricks,373
minecraft:infested_deepslate,375
minecraft:infested_mossy_stone_bricks,372
minecraft:infested_stone,369
minecraft:infested_stone_bricks,371
minecraft:ink_sac,1064
minecraft:iron_axe,935
minecraft:iron_bars,391
minecraft:iron_block,90
minecraft:iron_boots,970
minecraft:iron_chain,400
minecraft:iron_chestplate,968
minecraft:iron_door,780
minecraft:iron_golem_spawn_egg,1168
minecraft:iron_helmet,967
minecraft:iron_hoe,936
minecraft:iron_horse_armor,1257
minecraft:iron_ingot,905
minecraft:iron_leggings,969
minecraft:iron_nautilus_armor,1334
minecraft:iron_nugget,1306
minecraft:iron_ore,66
minecraft:iron_pickaxe,934
minecraft:iron_shovel,933
minecraft:iron_spear,1300
minecraft:iron_sword,932
minecraft:iron_trapdoor,801
minecraft:item_frame,1225
minecraft:jack_o_lantern,359
minecraft:jigsaw,885
minecraft:jukebox,344
minecraft:jungle_boat,870
minecraft:jungle_button,755
minecraft:jungle_chest_boat,871
minecraft:jungle_door,784
minecraft:jungle_fence,348
minecraft:jungle_fence_gate,825
minecraft:jungle_hanging_sign,1004
minecraft:jungle_leaves,185
minecraft:jungle_log,137
minecraft:jungle_planks,39
minecraft:jungle_pressure_plate,771
minecraft:jungle_sapling,52
minecraft:jungle_shelf,312
minecraft:jungle_sign,992
minecraft:jungle_slab,274
minecraft:jungle_stairs,445
minecraft:jungle_trapdoor,805
minecraft:jungle_wood,174
minecraft:kelp,258
minecraft:knowledge_book,1308
minecraft:ladder,336
minecraft:lantern,1364
minecraft:lapis_block,197
minecraft:lapis_lazuli,901
minecraft:lapis_ore,76
minecraft:large_amethyst_bud,1418
minecraft:large_fern,530
minecraft:lava_bucket,1015
minecraft:lead,1262
minecraft:leaf_litter,261
minecraft:leather,1018
minecraft:leather_boots,958
minecraft:leather_chestplate,956
minecraft:leather_helmet,955
minecraft:leather_horse_armor,1261
minecraft:leather_leggings,957
minecraft:lectern,731
minecraft:lever,733
minecraft:light,504
minecraft:light_blue_banner,1270
minecraft:light_blue_bed,1090
minecraft:light_blue_bundle,1041
minecraft:light_blue_candle,1403
minecraft:light_blue_carpet,509
minecraft:light_blue_concrete,618
minecraft:light_blue_concrete_powder,634
minecraft:light_blue_dye,1070
minecraft:light_blue_glazed_terracotta,602
minecraft:light_blue_harness,842
minecraft:light_blue_shulker_box,586
minecraft:light_blue_stained_glass,534
minecraft:light_blue_stained_glass_pane,550
minecraft:light_blue_terracotta,490
minecraft:light_blue_wool,216
minecraft:light_gray_banner,1275
minecraft:light_gray_bed,1095
minecraft:light_gray_bundle,1046
minecraft:light_gray_candle,1408
minecraft:light_gray_carpet,514
minecraft:light_gray_concrete,623
minecraft:light_gray_concrete_powder,639
minecraft:light_gray_dye,1075
minecraft:light_gray_glazed_terracotta,607
minecraft:light_gray_harness,847
minecraft:light_gray_shulker_box,591
minecraft:light_gray_stained_glass,539
minecraft:light_gray_stained_glass_pane,555
minecraft:light_gray_terracotta,495
minecraft:light_gray_wool,221
minecraft:light_weighted_pressure_plate,766
minecraft:lightning_rod,734
minecraft:lilac,526
minecraft:lily_of_the_valley,243
minecraft:lily_pad,424
minecraft:lime_banner,1272
minecraft:lime_bed,1092
minecraft:lime_bundle,1043
minecraft:lime_candle,1405
minecraft:lime_carpet,511
minecraft:lime_concrete,620
minecraft:lime_concrete_powder,636
minecraft:lime_dye,1072
minecraft:lime_glazed_terracotta,604
minecraft:lime_harness,844
minecraft:lime_shulker_box,588
minecraft:lime_stained_glass,536
minecraft:lime_stained_glass_pane,552
minecraft:lime_terracotta,492
minecraft:lime_wool,218
minecraft:lingering_potion,1295
minecraft:llama_spawn_egg,1147
minecraft:lodestone,1384
minecraft:loom,1342
minecraft:mace,1224
minecraft:magenta_banner,1269
minecraft:magenta_bed,1089
minecraft:magenta_bundle,1040
minecraft:magenta_candle,1402
minecraft:magenta_carpet,508
minecraft:magenta_concrete,617
minecraft:magenta_concrete_powder,633
minecraft:magenta_dye,1069
minecraft:magenta_glazed_terracotta,601
minecraft:magenta_harness,841
minecraft:magenta_shulker_box,585
minecraft:magenta_stained_glass,533
minecraft:magenta_stained_glass_pane,549
minecraft:magenta_terracotta,489
minecraft:magenta_wool,215
minecraft:magma_block,576
minecraft:magma_cream,1126
minecraft:magma_cube_spawn_egg,1208
minecraft:mangrove_boat,880
minecraft:mangrove_button,760
minecraft:mangrove_chest_boat,881
minecraft:mangrove_door,789
minecraft:mangrove_fence,353
minecraft:mangrove_fence_gate,830
minecraft:mangrove_hanging_sign,1009
minecraft:mangrove_leaves,190
minecraft:mangrove_log,142
minecraft:mangrove_planks,44
minecraft:mangrove_pressure_plate,776
minecraft:mangrove_propagule,57
minecraft:mangrove_roots,143
minecraft:mangrove_shelf,313
minecraft:mangrove_sign,997
minecraft:mangrove_slab,279
minecraft:mangrove_stairs,450
minecraft:mangrove_trapdoor,810
minecraft:mangrove_wood,179
minecraft:map,1232
minecraft:medium_amethyst_bud,1417
minecraft:melon,410
minecraft:melon_seeds,1110
minecraft:melon_slice,1107
minecraft:milk_bucket,1019
minecraft:minecart,855
minecraft:miner_pottery_sherd,1460
minecraft:mojang_banner_pattern,1346
minecraft:mooshroom_spawn_egg,1165
minecraft:moss_block,263
minecraft:moss_carpet,262
minecraft:mossy_cobblestone,321
minecraft:mossy_cobblestone_slab,704
minecraft:mossy_cobblestone_stairs,686
minecraft:mossy_cobblestone_wall,458
minecraft:mossy_stone_brick_slab,702
minecraft:mossy_stone_brick_stairs,684
minecraft:mossy_stone_brick_wall,462
minecraft:mossy_stone_bricks,377
minecraft:mourner_pottery_sherd,1461
minecraft:mud,32
minecraft:mud_brick_slab,292
minecraft:mud_brick_stairs,422
minecraft:mud_brick_wall,465
minecraft:mud_bricks,381
minecraft:muddy_mangrove_roots,144
minecraft:mule_spawn_egg,1138
minecraft:mushroom_stem,390
minecraft:mushroom_stew,948
minecraft:music_disc_11,1323
minecraft:music_disc_13,1310
minecraft:music_disc_5,1327
minecraft:music_disc_blocks,1312
minecraft:music_disc_cat,1311
minecraft:music_disc_chirp,1313
minecraft:music_disc_creator,1314
minecraft:music_disc_creator_music_box,1315
minecraft:music_disc_far,1316
minecraft:music_disc_lava_chicken,1317
minecraft:music_disc_mall,1318
minecraft:music_disc_mellohi,1319
minecraft:music_disc_otherside,1325
minecraft:music_disc_pigstep,1328
minecraft:music_disc_precipice,1329
minecraft:music_disc_relic,1326
minecraft:music_disc_stal,1320
minecraft:music_disc_strad,1321
minecraft:music_disc_tears,1330
minecraft:music_disc_wait,1324
minecraft:music_disc_ward,1322
minecraft:mutton,1265
minecraft:mycelium,423
minecraft:name_tag,1263
minecraft:nautilus_shell,1333
minecraft:nautilus_spawn_egg,1157
minecraft:nether_brick,1246
minecraft:nether_brick_fence,428
minecraft:nether_brick_slab,293
minecraft:nether_brick_stairs,429
minecraft:nether_brick_wall,466
minecraft:nether_bricks,425
minecraft:nether_gold_ore,80
minecraft:nether_quartz_ore,81
minecraft:nether_sprouts,254
minecraft:nether_star,1241
minecraft:nether_wart,1120
minecraft:nether_wart_block,577
minecraft:netherite_axe,945
minecraft:netherite_block,94
minecraft:netherite_boots,982
minecraft:netherite_chestplate,980
minecraft:netherite_helmet,979
minecraft:netherite_hoe,946
minecraft:netherite_horse_armor,1260
minecraft:netherite_ingot,910
minecraft:netherite_leggings,981
minecraft:netherite_nautilus_armor,1337
minecraft:netherite_pickaxe,944
minecraft:netherite_scrap,911
minecraft:netherite_shovel,943
minecraft:netherite_spear,1303
minecraft:netherite_sword,942
minecraft:netherite_upgrade_smithing_template,1427
minecraft:netherrack,360
minecraft:note_block,749
minecraft:oak_boat,864
minecraft:oak_button,752
minecraft:oak_chest_boat,865
minecraft:oak_door,781
minecraft:oak_fence,345
minecraft:oak_fence_gate,822
minecraft:oak_hanging_sign,1001
minecraft:oak_leaves,182
minecraft:oak_log,134
minecraft:oak_planks,36
minecraft:oak_pressure_plate,768
minecraft:oak_sapling,49
minecraft:oak_shelf,314
minecraft:oak_sign,989
minecraft:oak_slab,271
minecraft:oak_stairs,442
minecraft:oak_trapdoor,802
minecraft:oak_wood,171
minecraft:observer,727
minecraft:obsidian,322
minecraft:ocelot_spawn_egg,1148
minecraft:ochre_froglight,1421
minecraft:ominous_bottle,1505
minecraft:ominous_trial_key,1503
minecraft:open_eyeblossom,231
minecraft:orange_banner,1268
minecraft:orange_bed,1088
minecraft:orange_bundle,1039
minecraft:orange_candle,1401
minecraft:orange_carpet,507
minecraft:orange_concrete,616
minecraft:orange_concrete_powder,632
minecraft:orange_dye,1068
minecraft:orange_glazed_terracotta,600
minecraft:orange_harness,840
minecraft:orange_shulker_box,584
minecraft:orange_stained_glass,532
minecraft:orange_stained_glass_pane,548
minecraft:orange_terracotta,488
minecraft:orange_tulip,238
minecraft:orange_wool,214
minecraft:oxeye_daisy,241
minecraft:oxidized_chiseled_copper,101
minecraft:oxidized_copper,97
minecraft:oxidized_copper_bars,395
minecraft:oxidized_copper_bulb,1480
minecraft:oxidized_copper_chain,404
minecraft:oxidized_copper_chest,1488
minecraft:oxidized_copper_door,796
minecraft:oxidized_copper_golem_statue,1496
minecraft:oxidized_copper_grate,1472
minecraft:oxidized_copper_lantern,1369
minecraft:oxidized_copper_trapdoor,817
minecraft:oxidized_cut_copper,105
minecraft:oxidized_cut_copper_slab,113
minecraft:oxidized_cut_copper_stairs,109
minecraft:oxidized_lightning_rod,737
minecraft:packed_ice,523
minecraft:packed_mud,380
minecraft:painting,986
minecraft:pale_hanging_moss,265
minecraft:pale_moss_block,266
minecraft:pale_moss_carpet,264
minecraft:pale_oak_boat,878
minecraft:pale_oak_button,759
minecraft:pale_oak_chest_boat,879
minecraft:pale_oak_door,788
minecraft:pale_oak_fence,352
minecraft:pale_oak_fence_gate,829
minecraft:pale_oak_hanging_sign,1008
minecraft:pale_oak_leaves,189
minecraft:pale_oak_log,140
minecraft:pale_oak_planks,43
minecraft:pale_oak_pressure_plate,775
minecraft:pale_oak_sapling,56
minecraft:pale_oak_shelf,315
minecraft:pale_oak_sign,996
minecraft:pale_oak_slab,278
minecraft:pale_oak_stairs,449
minecraft:pale_oak_trapdoor,809
minecraft:pale_oak_wood,177
minecraft:panda_spawn_egg,1149
minecraft:paper,1029
minecraft:parched_spawn_egg,1177
minecraft:parrot_spawn_egg,1140
minecraft:pearlescent_froglight,1423
minecraft:peony,528
minecraft:petrified_oak_slab,288
minecraft:phantom_membrane,862
minecraft:phantom_spawn_egg,1194
minecraft:pig_spawn_egg,1133
minecraft:piglin_banner_pattern,1348
minecraft:piglin_brute_spawn_egg,1210
minecraft:piglin_head,1240
minecraft:piglin_spawn_egg,1209
minecraft:pillager_spawn_egg,1200
minecraft:pink_banner,1273
minecraft:pink_bed,1093
minecraft:pink_bundle,1044
minecraft:pink_candle,1406
minecraft:pink_carpet,512
minecraft:pink_concrete,621
minecraft:pink_concrete_powder,637
minecraft:pink_dye,1073
minecraft:pink_glazed_terracotta,605
minecraft:pink_harness,845
minecraft:pink_petals,259
minecraft:pink_shulker_box,589
minecraft:pink_stained_glass,537
minecraft:pink_stained_glass_pane,553
minecraft:pink_terracotta,493
minecraft:pink_tulip,240
minecraft:pink_wool,219
minecraft:piston,723
minecraft:pitcher_plant,246
minecraft:pitcher_pod,1287
minecraft:player_head,1236
minecraft:plenty_pottery_sherd,1462
minecraft:podzol,30
minecraft:pointed_dripstone,1420
minecraft:poisonous_potato,1231
minecraft:polar_bear_spawn_egg,1150
minecraft:polished_andesite,7
minecraft:polished_andesite_slab,711
minecraft:polished_andesite_stairs,694
minecraft:polished_basalt,364
minecraft:polished_blackstone,1390
minecraft:polished_blackstone_brick_slab,1395
minecraft:polished_blackstone_brick_stairs,1396
minecraft:polished_blackstone_brick_wall,474
minecraft:polished_blackstone_bricks,1394
minecraft:polished_blackstone_button,751
minecraft:polished_blackstone_pressure_plate,765
minecraft:polished_blackstone_slab,1391
minecraft:polished_blackstone_stairs,1392
minecraft:polished_blackstone_wall,473
minecraft:polished_deepslate,10
minecraft:polished_deepslate_slab,714
minecraft:polished_deepslate_stairs,697
minecraft:polished_deepslate_wall,476
minecraft:polished_diorite,5
minecraft:polished_diorite_slab,703
minecraft:polished_diorite_stairs,685
minecraft:polished_granite,3
minecraft:polished_granite_slab,700
minecraft:polished_granite_stairs,682
minecraft:polished_tuff,17
minecraft:polished_tuff_slab,18
minecraft:polished_tuff_stairs,19
minecraft:polished_tuff_wall,20
minecraft:popped_chorus_fruit,1285
minecraft:poppy,233
minecraft:porkchop,984
minecraft:potato,1229
minecraft:potion,1122
minecraft:powder_snow_bucket,1016
minecraft:powered_rail,834
minecraft:prismarine,563
minecraft:prismarine_brick_slab,299
minecraft:prismarine_brick_stairs,567
minecraft:prismarine_bricks,564
minecraft:prismarine_crystals,1249
minecraft:prismarine_shard,1248
minecraft:prismarine_slab,298
minecraft:prismarine_stairs,566
minecraft:prismarine_wall,460
minecraft:prize_pottery_sherd,1463
minecraft:pufferfish,1061
minecraft:pufferfish_bucket,1020
minecraft:pufferfish_spawn_egg,1158
minecraft:pumpkin,357
minecraft:pumpkin_pie,1242
minecraft:pumpkin_seeds,1109
minecraft:purple_banner,1277
minecraft:purple_bed,1097
minecraft:purple_bundle,1048
minecraft:purple_candle,1410
minecraft:purple_carpet,516
minecraft:purple_concrete,625
minecraft:purple_concrete_powder,641
minecraft:purple_dye,1077
minecraft:purple_glazed_terracotta,609
minecraft:purple_harness,849
minecraft:purple_shulker_box,593
minecraft:purple_stained_glass,541
minecraft:purple_stained_glass_pane,557
minecraft:purple_terracotta,497
minecraft:purple_wool,223
minecraft:purpur_block,327
minecraft:purpur_pillar,328
minecraft:purpur_slab,297
minecraft:purpur_stairs,329
minecraft:quartz,902
minecraft:quartz_block,483
minecraft:quartz_bricks,484
minecraft:quartz_pillar,485
minecraft:quartz_slab,294
minecraft:quartz_stairs,486
minecraft:rabbit,1250
minecraft:rabbit_foot,1253
minecraft:rabbit_hide,1254
minecraft:rabbit_spawn_egg,1151
minecraft:rabbit_stew,1252
minecraft:rail,836
minecraft:raiser_armor_trim_smithing_template,1442
minecraft:ravager_spawn_egg,1201
minecraft:raw_copper,906
minecraft:raw_copper_block,85
minecraft:raw_gold,908
minecraft:raw_gold_block,86
minecraft:raw_iron,904
minecraft:raw_iron_block,84
minecraft:recovery_compass,1036
minecraft:red_banner,1281
minecraft:red_bed,1101
minecraft:red_bundle,1052
minecraft:red_candle,1414
minecraft:red_carpet,520
minecraft:red_concrete,629
minecraft:red_concrete_powder,645
minecraft:red_dye,1081
minecraft:red_glazed_terracotta,613
minecraft:red_harness,853
minecraft:red_mushroom,249
minecraft:red_mushroom_block,389
minecraft:red_nether_brick_slab,710
minecraft:red_nether_brick_stairs,693
minecraft:red_nether_brick_wall,468
minecraft:red_nether_bricks,579
minecraft:red_sand,62
minecraft:red_sandstone,570
minecraft:red_sandstone_slab,295
minecraft:red_sandstone_stairs,573
minecraft:red_sandstone_wall,461
minecraft:red_shulker_box,597
minecraft:red_stained_glass,545
minecraft:red_stained_glass_pane,561
minecraft:red_terracotta,501
minecraft:red_tulip,237
minecraft:red_wool,227
minecraft:redstone,718
minecraft:redstone_block,720
minecraft:redstone_lamp,748
minecraft:redstone_ore,72
minecraft:redstone_torch,719
minecraft:reinforced_deepslate,387
minecraft:repeater,721
minecraft:repeating_command_block,574
minecraft:resin_block,414
minecraft:resin_brick,1247
minecraft:resin_brick_slab,417
minecraft:resin_brick_stairs,416
minecraft:resin_brick_wall,418
minecraft:resin_bricks,415
minecraft:resin_clump,413
minecraft:respawn_anchor,1398
minecraft:rib_armor_trim_smithing_template,1437
minecraft:rooted_dirt,31
minecraft:rose_bush,527
minecraft:rotten_flesh,1115
minecraft:saddle,838
minecraft:salmon,1059
minecraft:salmon_bucket,1021
minecraft:salmon_spawn_egg,1159
minecraft:sand,59
minecraft:sandstone,198
minecraft:sandstone_slab,286
minecraft:sandstone_stairs,439
minecraft:sandstone_wall,469
minecraft:scaffolding,717
minecraft:scrape_pottery_sherd,1464
minecraft:sculk,430
minecraft:sculk_catalyst,432
minecraft:sculk_sensor,743
minecraft:sculk_shrieker,433
minecraft:sculk_vein,431
minecraft:sea_lantern,569
minecraft:sea_pickle,212
minecraft:seagrass,211
minecraft:sentry_armor_trim_smithing_template,1428
minecraft:shaper_armor_trim_smithing_template,1440
minecraft:sheaf_pottery_sherd,1465
minecraft:shears,1106
minecraft:sheep_spawn_egg,1134
minecraft:shelter_pottery_sherd,1466
minecraft:shield,1296
minecraft:short_dry_grass,209
minecraft:short_grass,202
minecraft:shroomlight,1378
minecraft:shulker_box,582
minecraft:shulker_shell,1305
minecraft:shulker_spawn_egg,1217
minecraft:silence_armor_trim_smithing_template,1441
minecraft:silverfish_spawn_egg,1195
minecraft:skeleton_horse_spawn_egg,1179
minecraft:skeleton_skull,1234
minecraft:skeleton_spawn_egg,1178
minecraft:skull_banner_pattern,1345
minecraft:skull_pottery_sherd,1467
minecraft:slime_ball,1031
minecraft:slime_block,725
minecraft:slime_spawn_egg,1196
minecraft:small_amethyst_bud,1416
minecraft:small_dripleaf,269
minecraft:smithing_table,1361
minecraft:smoker,1356
minecraft:smooth_basalt,365
minecraft:smooth_quartz,301
minecraft:smooth_quartz_slab,707
minecraft:smooth_quartz_stairs,690
minecraft:smooth_red_sandstone,302
minecraft:smooth_red_sandstone_slab,701
minecraft:smooth_red_sandstone_stairs,683
minecraft:smooth_sandstone,303
minecraft:smooth_sandstone_slab,706
minecraft:smooth_sandstone_stairs,689
minecraft:smooth_stone,304
minecraft:smooth_stone_slab,285
minecraft:sniffer_egg,648
minecraft:sniffer_spawn_egg,1166
minecraft:snort_pottery_sherd,1468
minecraft:snout_armor_trim_smithing_template,1436
minecraft:snow,338
minecraft:snow_block,340
minecraft:snow_golem_spawn_egg,1169
minecraft:snowball,1017
minecraft:soul_campfire,1377
minecraft:soul_lantern,1365
minecraft:soul_sand,361
minecraft:soul_soil,362
minecraft:soul_torch,366
minecraft:spawner,330
minecraft:spectral_arrow,1293
minecraft:spider_eye,1123
minecraft:spider_spawn_egg,1188
minecraft:spire_armor_trim_smithing_template,1438
minecraft:splash_potion,1292
minecraft:sponge,193
minecraft:spore_blossom,247
minecraft:spruce_boat,866
minecraft:spruce_button,753
minecraft:spruce_chest_boat,867
minecraft:spruce_door,782
minecraft:spruce_fence,346
minecraft:spruce_fence_gate,823
minecraft:spruce_hanging_sign,1002
minecraft:spruce_leaves,183
minecraft:spruce_log,135
minecraft:spruce_planks,37
minecraft:spruce_pressure_plate,769
minecraft:spruce_sapling,50
minecraft:spruce_shelf,316
minecraft:spruce_sign,990
minecraft:spruce_slab,272
minecraft:spruce_stairs,443
minecraft:spruce_trapdoor,803
minecraft:spruce_wood,172
minecraft:spyglass,1056
minecraft:squid_spawn_egg,1160
minecraft:stick,947
minecraft:sticky_piston,724
minecraft:stone,1
minecraft:stone_axe,925
minecraft:stone_brick_slab,291
minecraft:stone_brick_stairs,421
minecraft:stone_brick_wall,464
minecraft:stone_bricks,376
minecraft:stone_button,750
minecraft:stone_hoe,926
minecraft:stone_pickaxe,924
minecraft:stone_pressure_plate,764
minecraft:stone_shovel,923
minecraft:stone_slab,284
minecraft:stone_spear,1298
minecraft:stone_stairs,688
minecraft:stone_sword,922
minecraft:stonecutter,1362
minecraft:stray_spawn_egg,1180
minecraft:strider_spawn_egg,1211
minecraft:string,949
minecraft:stripped_acacia_log,152
minecraft:stripped_acacia_wood,163
minecraft:stripped_bamboo_block,170
minecraft:stripped_birch_log,150
minecraft:stripped_birch_wood,161
minecraft:stripped_cherry_log,153
minecraft:stripped_cherry_wood,164
minecraft:stripped_crimson_hyphae,168
minecraft:stripped_crimson_stem,157
minecraft:stripped_dark_oak_log,154
minecraft:stripped_dark_oak_wood,165
minecraft:stripped_jungle_log,151
minecraft:stripped_jungle_wood,162
minecraft:stripped_mangrove_log,156
minecraft:stripped_mangrove_wood,167
minecraft:stripped_oak_log,148
minecraft:stripped_oak_wood,159
minecraft:stripped_pale_oak_log,155
minecraft:stripped_pale_oak_wood,166
minecraft:stripped_spruce_log,149
minecraft:stripped_spruce_wood,160
minecraft:stripped_warped_hyphae,169
minecraft:stripped_warped_stem,158
minecraft:structure_block,884
minecraft:structure_void,581
minecraft:sugar,1085
minecraft:sugar_cane,257
minecraft:sunflower,525
minecraft:suspicious_gravel,61
minecraft:suspicious_sand,60
minecraft:suspicious_stew,1341
minecraft:sweet_berries,1374
minecraft:tadpole_bucket,1025
minecraft:tadpole_spawn_egg,1161
minecraft:tall_dry_grass,210
minecraft:tall_grass,529
minecraft:target,732
minecraft:terracotta,522
minecraft:test_block,886
minecraft:test_instance_block,887
minecraft:tide_armor_trim_smithing_template,1435
minecraft:tinted_glass,196
minecraft:tipped_arrow,1294
minecraft:tnt,747
minecraft:tnt_minecart,858
minecraft:torch,323
minecraft:torchflower,245
minecraft:torchflower_seeds,1286
minecraft:totem_of_undying,1304
minecraft:trader_llama_spawn_egg,1170
minecraft:trapped_chest,746
minecraft:trial_key,1502
minecraft:trial_spawner,1501
minecraft:trident,1332
minecraft:tripwire_hook,745
minecraft:tropical_fish,1060
minecraft:tropical_fish_bucket,1023
minecraft:tropical_fish_spawn_egg,1162
minecraft:tube_coral,660
minecraft:tube_coral_block,655
minecraft:tube_coral_fan,670
minecraft:tuff,12
minecraft:tuff_brick_slab,22
minecraft:tuff_brick_stairs,23
minecraft:tuff_brick_wall,24
minecraft:tuff_bricks,21
minecraft:tuff_slab,13
minecraft:tuff_stairs,14
minecraft:tuff_wall,15
minecraft:turtle_egg,647
minecraft:turtle_helmet,888
minecraft:turtle_scute,889
minecraft:turtle_spawn_egg,1163
minecraft:twisting_vines,256
minecraft:vault,1504
minecraft:verdant_froglight,1422
minecraft:vex_armor_trim_smithing_template,1434
minecraft:vex_spawn_egg,1203
minecraft:villager_spawn_egg,1171
minecraft:vindicator_spawn_egg,1202
minecraft:vine,411
minecraft:wandering_trader_spawn_egg,1172
minecraft:ward_armor_trim_smithing_template,1432
minecraft:warden_spawn_egg,1197
minecraft:warped_button,763
minecraft:warped_door,792
minecraft:warped_fence,356
minecraft:warped_fence_gate,833
minecraft:warped_fungus,251
minecraft:warped_fungus_on_a_stick,861
minecraft:warped_hanging_sign,1012
minecraft:warped_hyphae,181
minecraft:warped_nylium,34
minecraft:warped_planks,47
minecraft:warped_pressure_plate,779
minecraft:warped_roots,253
minecraft:warped_shelf,317
minecraft:warped_sign,1000
minecraft:warped_slab,283
minecraft:warped_stairs,454
minecraft:warped_stem,146
minecraft:warped_trapdoor,813
minecraft:warped_wart_block,578
minecraft:water_bucket,1014
minecraft:waxed_chiseled_copper,118
minecraft:waxed_copper_bars,396
minecraft:waxed_copper_block,114
minecraft:waxed_copper_bulb,1481
minecraft:waxed_copper_chain,405
minecraft:waxed_copper_chest,1489
minecraft:waxed_copper_door,797
minecraft:waxed_copper_golem_statue,1497
minecraft:waxed_copper_grate,1473
minecraft:waxed_copper_lantern,1370
minecraft:waxed_copper_trapdoor,818
minecraft:waxed_cut_copper,122
minecraft:waxed_cut_copper_slab,130
minecraft:waxed_cut_copper_stairs,126
minecraft:waxed_exposed_chiseled_copper,119
minecraft:waxed_exposed_copper,115
minecraft:waxed_exposed_copper_bars,397
minecraft:waxed_exposed_copper_bulb,1482
minecraft:waxed_exposed_copper_chain,406
minecraft:waxed_exposed_copper_chest,1490
minecraft:waxed_exposed_copper_door,798
minecraft:waxed_exposed_copper_golem_statue,1498
minecraft:waxed_exposed_copper_grate,1474
minecraft:waxed_exposed_copper_lantern,1371
minecraft:waxed_exposed_copper_trapdoor,819
minecraft:waxed_exposed_cut_copper,123
minecraft:waxed_exposed_cut_copper_slab,131
minecraft:waxed_exposed_cut_copper_stairs,127
minecraft:waxed_exposed_lightning_rod,739
minecraft:waxed_lightning_rod,738
minecraft:waxed_oxidized_chiseled_copper,121
minecraft:waxed_oxidized_copper,117
minecraft:waxed_oxidized_copper_bars,399
minecraft:waxed_oxidized_copper_bulb,1484
minecraft:waxed_oxidized_copper_chain,408
minecraft:waxed_oxidized_copper_chest,1492
minecraft:waxed_oxidized_copper_door,800
minecraft:waxed_oxidized_copper_golem_statue,1500
minecraft:waxed_oxidized_copper_grate,1476
minecraft:waxed_oxidized_copper_lantern,1373
minecraft:waxed_oxidized_copper_trapdoor,821
minecraft:waxed_oxidized_cut_copper,125
minecraft:waxed_oxidized_cut_copper_slab,133
minecraft:waxed_oxidized_cut_copper_stairs,129
minecraft:waxed_oxidized_lightning_rod,741
minecraft:waxed_weathered_chiseled_copper,120
minecraft:waxed_weathered_copper,116
minecraft:waxed_weathered_copper_bars,398
minecraft:waxed_weathered_copper_bulb,1483
minecraft:waxed_weathered_copper_chain,407
minecraft:waxed_weathered_copper_chest,1491
minecraft:waxed_weathered_copper_door,799
minecraft:waxed_weathered_copper_golem_statue,1499
minecraft:waxed_weathered_copper_grate,1475
minecraft:waxed_weathered_copper_lantern,1372
minecraft:waxed_weathered_copper_trapdoor,820
minecraft:waxed_weathered_cut_copper,124
minecraft:waxed_weathered_cut_copper_slab,132
minecraft:waxed_weathered_cut_copper_stairs,128
minecraft:waxed_weathered_lightning_rod,740
minecraft:wayfinder_armor_trim_smithing_template,1439
minecraft:weathered_chiseled_copper,100
minecraft:weathered_copper,96
minecraft:weathered_copper_bars,394
minecraft:weathered_copper_bulb,1479
minecraft:weathered_copper_chain,403
minecraft:weathered_copper_chest,1487
minecraft:weathered_copper_door,795
minecraft:weathered_copper_golem_statue,1495
minecraft:weathered_copper_grate,1471
minecraft:weathered_copper_lantern,1368
minecraft:weathered_copper_trapdoor,816
minecraft:weathered_cut_copper,104
minecraft:weathered_cut_copper_slab,112
minecraft:weathered_cut_copper_stairs,108
minecraft:weathered_lightning_rod,736
minecraft:weeping_vines,255
minecraft:wet_sponge,194
minecraft:wheat,953
minecraft:wheat_seeds,952
minecraft:white_banner,1267
minecraft:white_bed,1087
minecraft:white_bundle,1038
minecraft:white_candle,1400
minecraft:white_carpet,506
minecraft:white_concrete,615
minecraft:white_concrete_powder,631
minecraft:white_dye,1067
minecraft:white_glazed_terracotta,599
minecraft:white_harness,839
minecraft:white_shulker_box,583
minecraft:white_stained_glass,531
minecraft:white_stained_glass_pane,547
minecraft:white_terracotta,487
minecraft:white_tulip,239
minecraft:white_wool,213
minecraft:wild_armor_trim_smithing_template,1431
minecraft:wildflowers,260
minecraft:wind_charge,1220
minecraft:witch_spawn_egg,1198
minecraft:wither_rose,244
minecraft:wither_skeleton_skull,1235
minecraft:wither_skeleton_spawn_egg,1182
minecraft:wither_spawn_egg,1181
minecraft:wolf_armor,891
minecraft:wolf_spawn_egg,1141
minecraft:wooden_axe,915
minecraft:wooden_hoe,916
minecraft:wooden_pickaxe,914
minecraft:wooden_shovel,913
minecraft:wooden_spear,1297
minecraft:wooden_sword,912
minecraft:writable_book,1221
minecraft:written_book,1222
minecraft:yellow_banner,1271
minecraft:yellow_bed,1091
minecraft:yellow_bundle,1042
minecraft:yellow_candle,1404
minecraft:yellow_carpet,510
minecraft:yellow_concrete,619
minecraft:yellow_concrete_powder,635
minecraft:yellow_dye,1071
minecraft:yellow_glazed_terracotta,603
minecraft:yellow_harness,843
minecraft:yellow_shulker_box,587
minecraft:yellow_stained_glass,535
minecraft:yellow_stained_glass_pane,551
minecraft:yellow_terracotta,491
minecraft:yellow_wool,217
minecraft:zoglin_spawn_egg,1212
minecraft:zombie_head,1237
minecraft:zombie_horse_spawn_egg,1184
minecraft:zombie_nautilus_spawn_egg,1185
minecraft:zombie_spawn_egg,1183
minecraft:zombie_villager_spawn_egg,1186
minecraft:zombified_piglin_spawn_egg,1213
